{"scratch_model": {"overall_acc": 0.7756410256410257, "normal_acc": 0.405982905982906, "pneumonia_acc": 0.9974358974358974, "class_correct": [95, 389], "class_total": [234, 390]}, "pretrained_model": {"overall_acc": 0.8157051282051282, "normal_acc": 0.5170940170940171, "pneumonia_acc": 0.9948717948717949, "class_correct": [121, 388], "class_total": [234, 390]}, "dataset_sizes": {"train": 4172, "val": 1044, "test": 624}, "class_weights": [1.9458955526351929, 0.6729032397270203], "train_counts": {"NORMAL": 1072, "PNEUMONIA": 3100}, "val_counts": {"NORMAL": 269, "PNEUMONIA": 775}}