{"train_loss": [0.26434817228534135, 0.16952806021143127, 0.16351317866479448, 0.1366029607841061, 0.11357423605634862, 0.11429955567253802, 0.11050482249299952, 0.10718168447924598, 0.09269566326969136, 0.10513826866106471], "val_loss": [0.41509107551698027, 0.49150417239844113, 0.17209029391807615, 0.17839689489982138, 0.16121206465409177, 0.13263127937024438, 0.16479065841941656, 0.196573948994336, 1.4196563072962476, 0.10319961490416435], "train_acc": [0.8911792905081495, 0.9326462128475551, 0.9386385426653883, 0.9467881112176414, 0.9578139980824544, 0.9580536912751677, 0.9592521572387344, 0.959731543624161, 0.9657238734419942, 0.9628475551294343], "val_acc": [0.853448275862069, 0.807471264367816, 0.9329501915708812, 0.925287356321839, 0.939655172413793, 0.9636015325670497, 0.9568965517241379, 0.9204980842911877, 0.7059386973180076, 0.9521072796934865]}