{"train_loss": [0.1809399907306651, 0.11180426335374781, 0.09829510043331441, 0.09094626433818762, 0.06887289398677526, 0.07590852077775354, 0.055677728250637035, 0.05199564843548396, 0.04551593525849072, 0.06559218986054538], "val_loss": [0.1382678080478619, 0.6751976832905802, 0.23655652808773928, 0.262010974067547, 0.08038023820724981, 0.24505583554420662, 0.10252513558785806, 0.05355087534695778, 0.15136442982040388, 0.9723700328108495], "train_acc": [0.9352828379674016, 0.9585330776605944, 0.9628475551294343, 0.9654841802492808, 0.975071907957814, 0.9726749760306806, 0.9810642377756471, 0.9832214765100671, 0.9832214765100671, 0.9801054650047938], "val_acc": [0.9454022988505747, 0.8352490421455938, 0.9166666666666666, 0.9272030651340996, 0.96455938697318, 0.910919540229885, 0.9655172413793103, 0.9827586206896551, 0.9521072796934865, 0.685823754789272]}