{"scratch_model": {"overall_acc": 0.8301282051282052, "normal_acc": 0.5598290598290598, "pneumonia_acc": 0.9923076923076923, "class_correct": [131, 387], "class_total": [234, 390]}, "pretrained_model": {"overall_acc": 0.8557692307692307, "normal_acc": 0.6196581196581197, "pneumonia_acc": 0.9974358974358974, "class_correct": [145, 389], "class_total": [234, 390]}, "dataset_sizes": {"train": 4172, "val": 1044, "test": 624}, "class_weights": [1.9458955526351929, 0.6729032397270203], "train_counts": {"NORMAL": 1072, "PNEUMONIA": 3100}, "val_counts": {"NORMAL": 269, "PNEUMONIA": 775}}