{"train_loss": [0.1487713401506754, 0.06317449853267103, 0.04457632606167771, 0.04521948061231613, 0.032690084434881424, 0.028260590653234337, 0.04082921368792324, 0.02650815848089676, 0.018203524464593123, 0.020413072363670813, 0.01599331482734142, 0.015660633184355063, 0.012254249833926936, 0.01186652998716775, 0.013662198267355633, 0.0087012754229084, 0.009741093828106229, 0.023567764896610152, 0.010749838745731804, 0.008515848303374443], "val_loss": [0.06638724053228609, 0.18367759682152462, 0.16520081804815495, 0.15559156914866062, 0.060214022058508294, 0.08553528893110966, 0.10534006805191266, 0.08971157791610393, 0.14821651072323436, 0.1853172606707174, 0.07536201402307462, 0.1346755472682702, 0.06902339571053911, 0.23348945124604262, 0.13936228254387134, 0.04751565555017798, 0.09193966461436322, 0.0596150457430845, 0.04979328611896639, 0.075866585261531], "train_acc": [0.9453499520613614, 0.975790987535954, 0.9827420901246404, 0.9834611697027804, 0.9872962607861936, 0.9906519654841802, 0.9851390220517737, 0.9904122722914669, 0.9918504314477469, 0.9930488974113134, 0.9942473633748801, 0.9959252157238734, 0.99712368168744, 0.99568552253116, 0.9949664429530201, 0.9973633748801534, 0.9961649089165867, 0.9908916586768935, 0.9966442953020134, 0.9976030680728667], "val_acc": [0.978927203065134, 0.9434865900383141, 0.9415708812260536, 0.9578544061302682, 0.9750957854406129, 0.9770114942528735, 0.9712643678160919, 0.9770114942528735, 0.9588122605363985, 0.9578544061302682, 0.9818007662835249, 0.9616858237547892, 0.978927203065134, 0.9540229885057471, 0.9693486590038314, 0.9827586206896551, 0.9760536398467432, 0.9837164750957854, 0.9846743295019157, 0.9779693486590038]}