{"train_loss": [0.37779612762073084, 0.2665316910265962, 0.2264575895032741, 0.17791865293154438, 0.17813577381527892, 0.15008357436193487, 0.13117559022008515, 0.13234554405466137, 0.14298827900021754, 0.11578762159644415, 0.12213632448693364, 0.12171012268884755, 0.1060312795216148, 0.10136133457390253, 0.10569898195543316, 0.08969572102222395, 0.09533520463286173, 0.0812785529914604, 0.09226275879929015, 0.08695243780830676], "val_loss": [0.34803965151081595, 0.6348839735619409, 0.2757988219288574, 0.29405796796197636, 0.1681397406248754, 0.4683493131421992, 0.1830427052874218, 0.3055293477814773, 0.22373146041371356, 0.27550661569582546, 0.22818455936465684, 0.1281265115715078, 0.1687848001604336, 0.322107609147313, 0.14027416597609318, 0.3647963702250486, 0.16337760152487918, 0.1263086262276803, 0.4807376142830313, 0.09720035690914168], "train_acc": [0.8195110258868648, 0.8847075743048897, 0.9053211888782358, 0.9280920421860018, 0.9268935762224352, 0.9436720997123681, 0.9496644295302012, 0.9534995206136145, 0.9460690316395014, 0.9558964525407478, 0.957574304889741, 0.9563758389261744, 0.9587727708533077, 0.9647651006711409, 0.9602109300095877, 0.9647651006711409, 0.963326941514861, 0.9669223394055608, 0.963326941514861, 0.9662032598274208], "val_acc": [0.8802681992337165, 0.7720306513409961, 0.921455938697318, 0.8879310344827586, 0.946360153256705, 0.8582375478927202, 0.9358237547892719, 0.8898467432950191, 0.9386973180076628, 0.907088122605364, 0.9243295019157087, 0.9559386973180076, 0.9291187739463601, 0.9099616858237547, 0.9559386973180076, 0.8898467432950191, 0.9492337164750957, 0.9540229885057471, 0.8649425287356322, 0.9616858237547892]}